AR,BR,Superimposed
P101_Indoor.png,P101_graphic.png,P101_Indoor_P101_graphic_0.png
P101_Indoor.png,P101_graphic.png,P101_Indoor_P101_graphic_1.png
P101_Indoor.png,P101_graphic.png,P101_Indoor_P101_graphic_2.png
P102_Indoor.png,P102_graphic.png,P102_Indoor_P102_graphic_0.png
P102_Indoor.png,P102_graphic.png,P102_Indoor_P102_graphic_1.png
P102_Indoor.png,P102_graphic.png,P102_Indoor_P102_graphic_2.png
P103_Indoor.png,P103_graphic.png,P103_Indoor_P103_graphic_0.png
P103_Indoor.png,P103_graphic.png,P103_Indoor_P103_graphic_1.png
P103_Indoor.png,P103_graphic.png,P103_Indoor_P103_graphic_2.png
P104_Indoor.png,P104_graphic.png,P104_Indoor_P104_graphic_0.png
P104_Indoor.png,P104_graphic.png,P104_Indoor_P104_graphic_1.png
P104_Indoor.png,P104_graphic.png,P104_Indoor_P104_graphic_2.png
P105_Indoor.png,P105_graphic.png,P105_Indoor_P105_graphic_0.png
P105_Indoor.png,P105_graphic.png,P105_Indoor_P105_graphic_1.png
P105_Indoor.png,P105_graphic.png,P105_Indoor_P105_graphic_2.png
P106_Indoor.png,P106_graphic.png,P106_Indoor_P106_graphic_0.png
P106_Indoor.png,P106_graphic.png,P106_Indoor_P106_graphic_1.png
P106_Indoor.png,P106_graphic.png,P106_Indoor_P106_graphic_2.png
P107_Indoor.png,P107_graphic.png,P107_Indoor_P107_graphic_0.png
P107_Indoor.png,P107_graphic.png,P107_Indoor_P107_graphic_1.png
P107_Indoor.png,P107_graphic.png,P107_Indoor_P107_graphic_2.png
P108_Indoor.png,P108_graphic.png,P108_Indoor_P108_graphic_0.png
P108_Indoor.png,P108_graphic.png,P108_Indoor_P108_graphic_1.png
P108_Indoor.png,P108_graphic.png,P108_Indoor_P108_graphic_2.png
P109_Indoor.png,P109_graphic.png,P109_Indoor_P109_graphic_0.png
P109_Indoor.png,P109_graphic.png,P109_Indoor_P109_graphic_1.png
P109_Indoor.png,P109_graphic.png,P109_Indoor_P109_graphic_2.png
P10_Cityscapes.png,P10_graphic.png,P10_Cityscapes_P10_graphic_0.png
P10_Cityscapes.png,P10_graphic.png,P10_Cityscapes_P10_graphic_1.png
P10_Cityscapes.png,P10_graphic.png,P10_Cityscapes_P10_graphic_2.png
P110_Indoor.png,P110_graphic.png,P110_Indoor_P110_graphic_0.png
P110_Indoor.png,P110_graphic.png,P110_Indoor_P110_graphic_1.png
P110_Indoor.png,P110_graphic.png,P110_Indoor_P110_graphic_2.png
P111_Indoor.png,P111_graphic.png,P111_Indoor_P111_graphic_0.png
P111_Indoor.png,P111_graphic.png,P111_Indoor_P111_graphic_1.png
P111_Indoor.png,P111_graphic.png,P111_Indoor_P111_graphic_2.png
P112_Indoor.png,P112_graphic.png,P112_Indoor_P112_graphic_0.png
P112_Indoor.png,P112_graphic.png,P112_Indoor_P112_graphic_1.png
P112_Indoor.png,P112_graphic.png,P112_Indoor_P112_graphic_2.png
P113_Indoor.png,P113_graphic.png,P113_Indoor_P113_graphic_0.png
P113_Indoor.png,P113_graphic.png,P113_Indoor_P113_graphic_1.png
P113_Indoor.png,P113_graphic.png,P113_Indoor_P113_graphic_2.png
P114_Indoor.png,P114_graphic.png,P114_Indoor_P114_graphic_0.png
P114_Indoor.png,P114_graphic.png,P114_Indoor_P114_graphic_1.png
P114_Indoor.png,P114_graphic.png,P114_Indoor_P114_graphic_2.png
P115_Indoor.png,P115_graphic.png,P115_Indoor_P115_graphic_0.png
P115_Indoor.png,P115_graphic.png,P115_Indoor_P115_graphic_1.png
P115_Indoor.png,P115_graphic.png,P115_Indoor_P115_graphic_2.png
P116_Indoor.png,P116_graphic.png,P116_Indoor_P116_graphic_0.png
P116_Indoor.png,P116_graphic.png,P116_Indoor_P116_graphic_1.png
P116_Indoor.png,P116_graphic.png,P116_Indoor_P116_graphic_2.png
P117_Indoor.png,P117_graphic.png,P117_Indoor_P117_graphic_0.png
P117_Indoor.png,P117_graphic.png,P117_Indoor_P117_graphic_1.png
P117_Indoor.png,P117_graphic.png,P117_Indoor_P117_graphic_2.png
P118_Indoor.png,P118_graphic.png,P118_Indoor_P118_graphic_0.png
P118_Indoor.png,P118_graphic.png,P118_Indoor_P118_graphic_1.png
P118_Indoor.png,P118_graphic.png,P118_Indoor_P118_graphic_2.png
P119_Indoor.png,P119_graphic.png,P119_Indoor_P119_graphic_0.png
P119_Indoor.png,P119_graphic.png,P119_Indoor_P119_graphic_1.png
P119_Indoor.png,P119_graphic.png,P119_Indoor_P119_graphic_2.png
P11_Cityscapes.png,P11_graphic.png,P11_Cityscapes_P11_graphic_0.png
P11_Cityscapes.png,P11_graphic.png,P11_Cityscapes_P11_graphic_1.png
P11_Cityscapes.png,P11_graphic.png,P11_Cityscapes_P11_graphic_2.png
P120_Indoor.png,P120_graphic.png,P120_Indoor_P120_graphic_0.png
P120_Indoor.png,P120_graphic.png,P120_Indoor_P120_graphic_1.png
P120_Indoor.png,P120_graphic.png,P120_Indoor_P120_graphic_2.png
P126_Natural.png,P126_graphic.png,P126_Natural_P126_graphic_0.png
P126_Natural.png,P126_graphic.png,P126_Natural_P126_graphic_1.png
P126_Natural.png,P126_graphic.png,P126_Natural_P126_graphic_2.png
P127_Natural.png,P127_graphic.png,P127_Natural_P127_graphic_0.png
P127_Natural.png,P127_graphic.png,P127_Natural_P127_graphic_1.png
P127_Natural.png,P127_graphic.png,P127_Natural_P127_graphic_2.png
P128_Natural.png,P128_graphic.png,P128_Natural_P128_graphic_0.png
P128_Natural.png,P128_graphic.png,P128_Natural_P128_graphic_1.png
P128_Natural.png,P128_graphic.png,P128_Natural_P128_graphic_2.png
P129_Natural.png,P129_graphic.png,P129_Natural_P129_graphic_0.png
P129_Natural.png,P129_graphic.png,P129_Natural_P129_graphic_1.png
P129_Natural.png,P129_graphic.png,P129_Natural_P129_graphic_2.png
P12_Cityscapes.png,P12_graphic.png,P12_Cityscapes_P12_graphic_0.png
P12_Cityscapes.png,P12_graphic.png,P12_Cityscapes_P12_graphic_1.png
P12_Cityscapes.png,P12_graphic.png,P12_Cityscapes_P12_graphic_2.png
P130_Natural.png,P130_graphic.png,P130_Natural_P130_graphic_0.png
P130_Natural.png,P130_graphic.png,P130_Natural_P130_graphic_1.png
P130_Natural.png,P130_graphic.png,P130_Natural_P130_graphic_2.png
P131_Natural.png,P131_graphic.png,P131_Natural_P131_graphic_0.png
P131_Natural.png,P131_graphic.png,P131_Natural_P131_graphic_1.png
P131_Natural.png,P131_graphic.png,P131_Natural_P131_graphic_2.png
P132_Natural.png,P132_graphic.png,P132_Natural_P132_graphic_0.png
P132_Natural.png,P132_graphic.png,P132_Natural_P132_graphic_1.png
P132_Natural.png,P132_graphic.png,P132_Natural_P132_graphic_2.png
P133_Natural.png,P133_graphic.png,P133_Natural_P133_graphic_0.png
P133_Natural.png,P133_graphic.png,P133_Natural_P133_graphic_1.png
P133_Natural.png,P133_graphic.png,P133_Natural_P133_graphic_2.png
P134_Natural.png,P134_graphic.png,P134_Natural_P134_graphic_0.png
P134_Natural.png,P134_graphic.png,P134_Natural_P134_graphic_1.png
P134_Natural.png,P134_graphic.png,P134_Natural_P134_graphic_2.png
P135_Natural.png,P135_graphic.png,P135_Natural_P135_graphic_0.png
P135_Natural.png,P135_graphic.png,P135_Natural_P135_graphic_1.png
P135_Natural.png,P135_graphic.png,P135_Natural_P135_graphic_2.png
P136_Natural.png,P136_graphic.png,P136_Natural_P136_graphic_0.png
P136_Natural.png,P136_graphic.png,P136_Natural_P136_graphic_1.png
P136_Natural.png,P136_graphic.png,P136_Natural_P136_graphic_2.png
P137_Natural.png,P137_graphic.png,P137_Natural_P137_graphic_0.png
P137_Natural.png,P137_graphic.png,P137_Natural_P137_graphic_1.png
P137_Natural.png,P137_graphic.png,P137_Natural_P137_graphic_2.png
P138_Natural.png,P138_graphic.png,P138_Natural_P138_graphic_0.png
P138_Natural.png,P138_graphic.png,P138_Natural_P138_graphic_1.png
P138_Natural.png,P138_graphic.png,P138_Natural_P138_graphic_2.png
P139_Natural.png,P139_graphic.png,P139_Natural_P139_graphic_0.png
P139_Natural.png,P139_graphic.png,P139_Natural_P139_graphic_1.png
P139_Natural.png,P139_graphic.png,P139_Natural_P139_graphic_2.png
P13_Cityscapes.png,P13_graphic.png,P13_Cityscapes_P13_graphic_0.png
P13_Cityscapes.png,P13_graphic.png,P13_Cityscapes_P13_graphic_1.png
P13_Cityscapes.png,P13_graphic.png,P13_Cityscapes_P13_graphic_2.png
P140_Natural.png,P140_graphic.png,P140_Natural_P140_graphic_0.png
P140_Natural.png,P140_graphic.png,P140_Natural_P140_graphic_1.png
P140_Natural.png,P140_graphic.png,P140_Natural_P140_graphic_2.png
P141_Natural.png,P141_graphic.png,P141_Natural_P141_graphic_0.png
P141_Natural.png,P141_graphic.png,P141_Natural_P141_graphic_1.png
P141_Natural.png,P141_graphic.png,P141_Natural_P141_graphic_2.png
P142_Natural.png,P142_graphic.png,P142_Natural_P142_graphic_0.png
P142_Natural.png,P142_graphic.png,P142_Natural_P142_graphic_1.png
P142_Natural.png,P142_graphic.png,P142_Natural_P142_graphic_2.png
P143_Natural.png,P143_graphic.png,P143_Natural_P143_graphic_0.png
P143_Natural.png,P143_graphic.png,P143_Natural_P143_graphic_1.png
P143_Natural.png,P143_graphic.png,P143_Natural_P143_graphic_2.png
P144_Natural.png,P144_graphic.png,P144_Natural_P144_graphic_0.png
P144_Natural.png,P144_graphic.png,P144_Natural_P144_graphic_1.png
P144_Natural.png,P144_graphic.png,P144_Natural_P144_graphic_2.png
P145_Natural.png,P145_graphic.png,P145_Natural_P145_graphic_0.png
P145_Natural.png,P145_graphic.png,P145_Natural_P145_graphic_1.png
P145_Natural.png,P145_graphic.png,P145_Natural_P145_graphic_2.png
P14_Cityscapes.png,P14_graphic.png,P14_Cityscapes_P14_graphic_0.png
P14_Cityscapes.png,P14_graphic.png,P14_Cityscapes_P14_graphic_1.png
P14_Cityscapes.png,P14_graphic.png,P14_Cityscapes_P14_graphic_2.png
P151_Cityscapes.png,P1_natural.png,P151_Cityscapes_P1_natural_0.png
P151_Cityscapes.png,P1_natural.png,P151_Cityscapes_P1_natural_1.png
P151_Cityscapes.png,P1_natural.png,P151_Cityscapes_P1_natural_2.png
P152_Cityscapes.png,P2_natural.png,P152_Cityscapes_P2_natural_0.png
P152_Cityscapes.png,P2_natural.png,P152_Cityscapes_P2_natural_1.png
P152_Cityscapes.png,P2_natural.png,P152_Cityscapes_P2_natural_2.png
P153_Cityscapes.png,P3_natural.png,P153_Cityscapes_P3_natural_0.png
P153_Cityscapes.png,P3_natural.png,P153_Cityscapes_P3_natural_1.png
P153_Cityscapes.png,P3_natural.png,P153_Cityscapes_P3_natural_2.png
P154_Cityscapes.png,P4_natural.png,P154_Cityscapes_P4_natural_0.png
P154_Cityscapes.png,P4_natural.png,P154_Cityscapes_P4_natural_1.png
P154_Cityscapes.png,P4_natural.png,P154_Cityscapes_P4_natural_2.png
P155_Cityscapes.png,P5_natural.png,P155_Cityscapes_P5_natural_0.png
P155_Cityscapes.png,P5_natural.png,P155_Cityscapes_P5_natural_1.png
P155_Cityscapes.png,P5_natural.png,P155_Cityscapes_P5_natural_2.png
P156_Cityscapes.png,P6_natural.png,P156_Cityscapes_P6_natural_0.png
P156_Cityscapes.png,P6_natural.png,P156_Cityscapes_P6_natural_1.png
P156_Cityscapes.png,P6_natural.png,P156_Cityscapes_P6_natural_2.png
P157_Cityscapes.png,P7_natural.png,P157_Cityscapes_P7_natural_0.png
P157_Cityscapes.png,P7_natural.png,P157_Cityscapes_P7_natural_1.png
P157_Cityscapes.png,P7_natural.png,P157_Cityscapes_P7_natural_2.png
P158_Cityscapes.png,P8_natural.png,P158_Cityscapes_P8_natural_0.png
P158_Cityscapes.png,P8_natural.png,P158_Cityscapes_P8_natural_1.png
P158_Cityscapes.png,P8_natural.png,P158_Cityscapes_P8_natural_2.png
P159_Cityscapes.png,P9_natural.png,P159_Cityscapes_P9_natural_0.png
P159_Cityscapes.png,P9_natural.png,P159_Cityscapes_P9_natural_1.png
P159_Cityscapes.png,P9_natural.png,P159_Cityscapes_P9_natural_2.png
P15_Cityscapes.png,P15_graphic.png,P15_Cityscapes_P15_graphic_0.png
P15_Cityscapes.png,P15_graphic.png,P15_Cityscapes_P15_graphic_1.png
P15_Cityscapes.png,P15_graphic.png,P15_Cityscapes_P15_graphic_2.png
P160_Cityscapes.png,P10_natural.png,P160_Cityscapes_P10_natural_0.png
P160_Cityscapes.png,P10_natural.png,P160_Cityscapes_P10_natural_1.png
P160_Cityscapes.png,P10_natural.png,P160_Cityscapes_P10_natural_2.png
P161_Cityscapes.png,P11_natural.png,P161_Cityscapes_P11_natural_0.png
P161_Cityscapes.png,P11_natural.png,P161_Cityscapes_P11_natural_1.png
P161_Cityscapes.png,P11_natural.png,P161_Cityscapes_P11_natural_2.png
P162_Cityscapes.png,P12_natural.png,P162_Cityscapes_P12_natural_0.png
P162_Cityscapes.png,P12_natural.png,P162_Cityscapes_P12_natural_1.png
P162_Cityscapes.png,P12_natural.png,P162_Cityscapes_P12_natural_2.png
P163_Cityscapes.png,P13_natural.png,P163_Cityscapes_P13_natural_0.png
P163_Cityscapes.png,P13_natural.png,P163_Cityscapes_P13_natural_1.png
P163_Cityscapes.png,P13_natural.png,P163_Cityscapes_P13_natural_2.png
P164_Cityscapes.png,P14_natural.png,P164_Cityscapes_P14_natural_0.png
P164_Cityscapes.png,P14_natural.png,P164_Cityscapes_P14_natural_1.png
P164_Cityscapes.png,P14_natural.png,P164_Cityscapes_P14_natural_2.png
P165_Cityscapes.png,P15_natural.png,P165_Cityscapes_P15_natural_0.png
P165_Cityscapes.png,P15_natural.png,P165_Cityscapes_P15_natural_1.png
P165_Cityscapes.png,P15_natural.png,P165_Cityscapes_P15_natural_2.png
P166_Cityscapes.png,P16_natural.png,P166_Cityscapes_P16_natural_0.png
P166_Cityscapes.png,P16_natural.png,P166_Cityscapes_P16_natural_1.png
P166_Cityscapes.png,P16_natural.png,P166_Cityscapes_P16_natural_2.png
P167_Cityscapes.png,P17_natural.png,P167_Cityscapes_P17_natural_0.png
P167_Cityscapes.png,P17_natural.png,P167_Cityscapes_P17_natural_1.png
P167_Cityscapes.png,P17_natural.png,P167_Cityscapes_P17_natural_2.png
P168_Cityscapes.png,P18_natural.png,P168_Cityscapes_P18_natural_0.png
P168_Cityscapes.png,P18_natural.png,P168_Cityscapes_P18_natural_1.png
P168_Cityscapes.png,P18_natural.png,P168_Cityscapes_P18_natural_2.png
P169_Cityscapes.png,P19_natural.png,P169_Cityscapes_P19_natural_0.png
P169_Cityscapes.png,P19_natural.png,P169_Cityscapes_P19_natural_1.png
P169_Cityscapes.png,P19_natural.png,P169_Cityscapes_P19_natural_2.png
P16_Cityscapes.png,P16_graphic.png,P16_Cityscapes_P16_graphic_0.png
P16_Cityscapes.png,P16_graphic.png,P16_Cityscapes_P16_graphic_1.png
P16_Cityscapes.png,P16_graphic.png,P16_Cityscapes_P16_graphic_2.png
P170_Cityscapes.png,P20_natural.png,P170_Cityscapes_P20_natural_0.png
P170_Cityscapes.png,P20_natural.png,P170_Cityscapes_P20_natural_1.png
P170_Cityscapes.png,P20_natural.png,P170_Cityscapes_P20_natural_2.png
P176_Hall.png,P26_natural.png,P176_Hall_P26_natural_0.png
P176_Hall.png,P26_natural.png,P176_Hall_P26_natural_1.png
P176_Hall.png,P26_natural.png,P176_Hall_P26_natural_2.png
P177_Hall.png,P27_natural.png,P177_Hall_P27_natural_0.png
P177_Hall.png,P27_natural.png,P177_Hall_P27_natural_1.png
P177_Hall.png,P27_natural.png,P177_Hall_P27_natural_2.png
P178_Hall.png,P28_natural.png,P178_Hall_P28_natural_0.png
P178_Hall.png,P28_natural.png,P178_Hall_P28_natural_1.png
P178_Hall.png,P28_natural.png,P178_Hall_P28_natural_2.png
P179_Hall.png,P29_natural.png,P179_Hall_P29_natural_0.png
P179_Hall.png,P29_natural.png,P179_Hall_P29_natural_1.png
P179_Hall.png,P29_natural.png,P179_Hall_P29_natural_2.png
P17_Cityscapes.png,P17_graphic.png,P17_Cityscapes_P17_graphic_0.png
P17_Cityscapes.png,P17_graphic.png,P17_Cityscapes_P17_graphic_1.png
P17_Cityscapes.png,P17_graphic.png,P17_Cityscapes_P17_graphic_2.png
P180_Hall.png,P30_natural.png,P180_Hall_P30_natural_0.png
P180_Hall.png,P30_natural.png,P180_Hall_P30_natural_1.png
P180_Hall.png,P30_natural.png,P180_Hall_P30_natural_2.png
P181_Hall.png,P31_natural.png,P181_Hall_P31_natural_0.png
P181_Hall.png,P31_natural.png,P181_Hall_P31_natural_1.png
P181_Hall.png,P31_natural.png,P181_Hall_P31_natural_2.png
P182_Hall.png,P32_natural.png,P182_Hall_P32_natural_0.png
P182_Hall.png,P32_natural.png,P182_Hall_P32_natural_1.png
P182_Hall.png,P32_natural.png,P182_Hall_P32_natural_2.png
P183_Hall.png,P33_natural.png,P183_Hall_P33_natural_0.png
P183_Hall.png,P33_natural.png,P183_Hall_P33_natural_1.png
P183_Hall.png,P33_natural.png,P183_Hall_P33_natural_2.png
P184_Hall.png,P34_natural.png,P184_Hall_P34_natural_0.png
P184_Hall.png,P34_natural.png,P184_Hall_P34_natural_1.png
P184_Hall.png,P34_natural.png,P184_Hall_P34_natural_2.png
P185_Hall.png,P35_natural.png,P185_Hall_P35_natural_0.png
P185_Hall.png,P35_natural.png,P185_Hall_P35_natural_1.png
P185_Hall.png,P35_natural.png,P185_Hall_P35_natural_2.png
P186_Hall.png,P36_natural.png,P186_Hall_P36_natural_0.png
P186_Hall.png,P36_natural.png,P186_Hall_P36_natural_1.png
P186_Hall.png,P36_natural.png,P186_Hall_P36_natural_2.png
P187_Hall.png,P37_natural.png,P187_Hall_P37_natural_0.png
P187_Hall.png,P37_natural.png,P187_Hall_P37_natural_1.png
P187_Hall.png,P37_natural.png,P187_Hall_P37_natural_2.png
P188_Hall.png,P38_natural.png,P188_Hall_P38_natural_0.png
P188_Hall.png,P38_natural.png,P188_Hall_P38_natural_1.png
P188_Hall.png,P38_natural.png,P188_Hall_P38_natural_2.png
P189_Hall.png,P39_natural.png,P189_Hall_P39_natural_0.png
P189_Hall.png,P39_natural.png,P189_Hall_P39_natural_1.png
P189_Hall.png,P39_natural.png,P189_Hall_P39_natural_2.png
P18_Cityscapes.png,P18_graphic.png,P18_Cityscapes_P18_graphic_0.png
P18_Cityscapes.png,P18_graphic.png,P18_Cityscapes_P18_graphic_1.png
P18_Cityscapes.png,P18_graphic.png,P18_Cityscapes_P18_graphic_2.png
P190_Hall.png,P40_natural.png,P190_Hall_P40_natural_0.png
P190_Hall.png,P40_natural.png,P190_Hall_P40_natural_1.png
P190_Hall.png,P40_natural.png,P190_Hall_P40_natural_2.png
P191_Hall.png,P41_natural.png,P191_Hall_P41_natural_0.png
P191_Hall.png,P41_natural.png,P191_Hall_P41_natural_1.png
P191_Hall.png,P41_natural.png,P191_Hall_P41_natural_2.png
P192_Hall.png,P42_natural.png,P192_Hall_P42_natural_0.png
P192_Hall.png,P42_natural.png,P192_Hall_P42_natural_1.png
P192_Hall.png,P42_natural.png,P192_Hall_P42_natural_2.png
P193_Hall.png,P43_natural.png,P193_Hall_P43_natural_0.png
P193_Hall.png,P43_natural.png,P193_Hall_P43_natural_1.png
P193_Hall.png,P43_natural.png,P193_Hall_P43_natural_2.png
P194_Hall.png,P44_natural.png,P194_Hall_P44_natural_0.png
P194_Hall.png,P44_natural.png,P194_Hall_P44_natural_1.png
P194_Hall.png,P44_natural.png,P194_Hall_P44_natural_2.png
P195_Hall.png,P45_natural.png,P195_Hall_P45_natural_0.png
P195_Hall.png,P45_natural.png,P195_Hall_P45_natural_1.png
P195_Hall.png,P45_natural.png,P195_Hall_P45_natural_2.png
P19_Cityscapes.png,P19_graphic.png,P19_Cityscapes_P19_graphic_0.png
P19_Cityscapes.png,P19_graphic.png,P19_Cityscapes_P19_graphic_1.png
P19_Cityscapes.png,P19_graphic.png,P19_Cityscapes_P19_graphic_2.png
P1_Cityscapes.png,P1_graphic.png,P1_Cityscapes_P1_graphic_0.png
P1_Cityscapes.png,P1_graphic.png,P1_Cityscapes_P1_graphic_1.png
P1_Cityscapes.png,P1_graphic.png,P1_Cityscapes_P1_graphic_2.png
P201_party.png,P51_natural.png,P201_party_P51_natural_0.png
P201_party.png,P51_natural.png,P201_party_P51_natural_1.png
P201_party.png,P51_natural.png,P201_party_P51_natural_2.png
P202_party.png,P52_natural.png,P202_party_P52_natural_0.png
P202_party.png,P52_natural.png,P202_party_P52_natural_1.png
P202_party.png,P52_natural.png,P202_party_P52_natural_2.png
P203_party.png,P53_natural.png,P203_party_P53_natural_0.png
P203_party.png,P53_natural.png,P203_party_P53_natural_1.png
P203_party.png,P53_natural.png,P203_party_P53_natural_2.png
P204_party.png,P54_natural.png,P204_party_P54_natural_0.png
P204_party.png,P54_natural.png,P204_party_P54_natural_1.png
P204_party.png,P54_natural.png,P204_party_P54_natural_2.png
P205_party.png,P55_natural.png,P205_party_P55_natural_0.png
P205_party.png,P55_natural.png,P205_party_P55_natural_1.png
P205_party.png,P55_natural.png,P205_party_P55_natural_2.png
P206_party.png,P56_natural.png,P206_party_P56_natural_0.png
P206_party.png,P56_natural.png,P206_party_P56_natural_1.png
P206_party.png,P56_natural.png,P206_party_P56_natural_2.png
P207_party.png,P57_natural.png,P207_party_P57_natural_0.png
P207_party.png,P57_natural.png,P207_party_P57_natural_1.png
P207_party.png,P57_natural.png,P207_party_P57_natural_2.png
P208_party.png,P58_natural.png,P208_party_P58_natural_0.png
P208_party.png,P58_natural.png,P208_party_P58_natural_1.png
P208_party.png,P58_natural.png,P208_party_P58_natural_2.png
P209_party.png,P59_natural.png,P209_party_P59_natural_0.png
P209_party.png,P59_natural.png,P209_party_P59_natural_1.png
P209_party.png,P59_natural.png,P209_party_P59_natural_2.png
P20_Cityscapes.png,P20_graphic.png,P20_Cityscapes_P20_graphic_0.png
P20_Cityscapes.png,P20_graphic.png,P20_Cityscapes_P20_graphic_1.png
P20_Cityscapes.png,P20_graphic.png,P20_Cityscapes_P20_graphic_2.png
P210_party.png,P60_natural.png,P210_party_P60_natural_0.png
P210_party.png,P60_natural.png,P210_party_P60_natural_1.png
P210_party.png,P60_natural.png,P210_party_P60_natural_2.png
P211_party.png,P61_natural.png,P211_party_P61_natural_0.png
P211_party.png,P61_natural.png,P211_party_P61_natural_1.png
P211_party.png,P61_natural.png,P211_party_P61_natural_2.png
P212_party.png,P62_natural.png,P212_party_P62_natural_0.png
P212_party.png,P62_natural.png,P212_party_P62_natural_1.png
P212_party.png,P62_natural.png,P212_party_P62_natural_2.png
P213_party.png,P63_natural.png,P213_party_P63_natural_0.png
P213_party.png,P63_natural.png,P213_party_P63_natural_1.png
P213_party.png,P63_natural.png,P213_party_P63_natural_2.png
P214_party.png,P64_natural.png,P214_party_P64_natural_0.png
P214_party.png,P64_natural.png,P214_party_P64_natural_1.png
P214_party.png,P64_natural.png,P214_party_P64_natural_2.png
P215_party.png,P65_natural.png,P215_party_P65_natural_0.png
P215_party.png,P65_natural.png,P215_party_P65_natural_1.png
P215_party.png,P65_natural.png,P215_party_P65_natural_2.png
P216_party.png,P66_natural.png,P216_party_P66_natural_0.png
P216_party.png,P66_natural.png,P216_party_P66_natural_1.png
P216_party.png,P66_natural.png,P216_party_P66_natural_2.png
P217_party.png,P67_natural.png,P217_party_P67_natural_0.png
P217_party.png,P67_natural.png,P217_party_P67_natural_1.png
P217_party.png,P67_natural.png,P217_party_P67_natural_2.png
P218_party.png,P68_natural.png,P218_party_P68_natural_0.png
P218_party.png,P68_natural.png,P218_party_P68_natural_1.png
P218_party.png,P68_natural.png,P218_party_P68_natural_2.png
P219_party.png,P69_natural.png,P219_party_P69_natural_0.png
P219_party.png,P69_natural.png,P219_party_P69_natural_1.png
P219_party.png,P69_natural.png,P219_party_P69_natural_2.png
P220_party.png,P70_natural.png,P220_party_P70_natural_0.png
P220_party.png,P70_natural.png,P220_party_P70_natural_1.png
P220_party.png,P70_natural.png,P220_party_P70_natural_2.png
P226_tour.png,P76_natural.png,P226_tour_P76_natural_0.png
P226_tour.png,P76_natural.png,P226_tour_P76_natural_1.png
P226_tour.png,P76_natural.png,P226_tour_P76_natural_2.png
P227_tour.png,P77_natural.png,P227_tour_P77_natural_0.png
P227_tour.png,P77_natural.png,P227_tour_P77_natural_1.png
P227_tour.png,P77_natural.png,P227_tour_P77_natural_2.png
P228_tour.png,P78_natural.png,P228_tour_P78_natural_0.png
P228_tour.png,P78_natural.png,P228_tour_P78_natural_1.png
P228_tour.png,P78_natural.png,P228_tour_P78_natural_2.png
P229_tour.png,P79_natural.png,P229_tour_P79_natural_0.png
P229_tour.png,P79_natural.png,P229_tour_P79_natural_1.png
P229_tour.png,P79_natural.png,P229_tour_P79_natural_2.png
P230_tour.png,P80_natural.png,P230_tour_P80_natural_0.png
P230_tour.png,P80_natural.png,P230_tour_P80_natural_1.png
P230_tour.png,P80_natural.png,P230_tour_P80_natural_2.png
P231_tour.png,P81_natural.png,P231_tour_P81_natural_0.png
P231_tour.png,P81_natural.png,P231_tour_P81_natural_1.png
P231_tour.png,P81_natural.png,P231_tour_P81_natural_2.png
P232_tour.png,P82_natural.png,P232_tour_P82_natural_0.png
P232_tour.png,P82_natural.png,P232_tour_P82_natural_1.png
P232_tour.png,P82_natural.png,P232_tour_P82_natural_2.png
P233_tour.png,P83_natural.png,P233_tour_P83_natural_0.png
P233_tour.png,P83_natural.png,P233_tour_P83_natural_1.png
P233_tour.png,P83_natural.png,P233_tour_P83_natural_2.png
P234_tour.png,P84_natural.png,P234_tour_P84_natural_0.png
P234_tour.png,P84_natural.png,P234_tour_P84_natural_1.png
P234_tour.png,P84_natural.png,P234_tour_P84_natural_2.png
P235_tour.png,P85_natural.png,P235_tour_P85_natural_0.png
P235_tour.png,P85_natural.png,P235_tour_P85_natural_1.png
P235_tour.png,P85_natural.png,P235_tour_P85_natural_2.png
P236_tour.png,P86_natural.png,P236_tour_P86_natural_0.png
P236_tour.png,P86_natural.png,P236_tour_P86_natural_1.png
P236_tour.png,P86_natural.png,P236_tour_P86_natural_2.png
P237_tour.png,P87_natural.png,P237_tour_P87_natural_0.png
P237_tour.png,P87_natural.png,P237_tour_P87_natural_1.png
P237_tour.png,P87_natural.png,P237_tour_P87_natural_2.png
P238_tour.png,P88_natural.png,P238_tour_P88_natural_0.png
P238_tour.png,P88_natural.png,P238_tour_P88_natural_1.png
P238_tour.png,P88_natural.png,P238_tour_P88_natural_2.png
P239_tour.png,P89_natural.png,P239_tour_P89_natural_0.png
P239_tour.png,P89_natural.png,P239_tour_P89_natural_1.png
P239_tour.png,P89_natural.png,P239_tour_P89_natural_2.png
P240_tour.png,P90_natural.png,P240_tour_P90_natural_0.png
P240_tour.png,P90_natural.png,P240_tour_P90_natural_1.png
P240_tour.png,P90_natural.png,P240_tour_P90_natural_2.png
P241_tour.png,P91_natural.png,P241_tour_P91_natural_0.png
P241_tour.png,P91_natural.png,P241_tour_P91_natural_1.png
P241_tour.png,P91_natural.png,P241_tour_P91_natural_2.png
P242_tour.png,P92_natural.png,P242_tour_P92_natural_0.png
P242_tour.png,P92_natural.png,P242_tour_P92_natural_1.png
P242_tour.png,P92_natural.png,P242_tour_P92_natural_2.png
P243_tour.png,P93_natural.png,P243_tour_P93_natural_0.png
P243_tour.png,P93_natural.png,P243_tour_P93_natural_1.png
P243_tour.png,P93_natural.png,P243_tour_P93_natural_2.png
P244_tour.png,P94_natural.png,P244_tour_P94_natural_0.png
P244_tour.png,P94_natural.png,P244_tour_P94_natural_1.png
P244_tour.png,P94_natural.png,P244_tour_P94_natural_2.png
P245_tour.png,P95_natural.png,P245_tour_P95_natural_0.png
P245_tour.png,P95_natural.png,P245_tour_P95_natural_1.png
P245_tour.png,P95_natural.png,P245_tour_P95_natural_2.png
P251_Indoor.png,P101_natural.png,P251_Indoor_P101_natural_0.png
P251_Indoor.png,P101_natural.png,P251_Indoor_P101_natural_1.png
P251_Indoor.png,P101_natural.png,P251_Indoor_P101_natural_2.png
P252_Indoor.png,P102_natural.png,P252_Indoor_P102_natural_0.png
P252_Indoor.png,P102_natural.png,P252_Indoor_P102_natural_1.png
P252_Indoor.png,P102_natural.png,P252_Indoor_P102_natural_2.png
P253_Indoor.png,P103_natural.png,P253_Indoor_P103_natural_0.png
P253_Indoor.png,P103_natural.png,P253_Indoor_P103_natural_1.png
P253_Indoor.png,P103_natural.png,P253_Indoor_P103_natural_2.png
P254_Indoor.png,P104_natural.png,P254_Indoor_P104_natural_0.png
P254_Indoor.png,P104_natural.png,P254_Indoor_P104_natural_1.png
P254_Indoor.png,P104_natural.png,P254_Indoor_P104_natural_2.png
P255_Indoor.png,P105_natural.png,P255_Indoor_P105_natural_0.png
P255_Indoor.png,P105_natural.png,P255_Indoor_P105_natural_1.png
P255_Indoor.png,P105_natural.png,P255_Indoor_P105_natural_2.png
P256_Indoor.png,P106_natural.png,P256_Indoor_P106_natural_0.png
P256_Indoor.png,P106_natural.png,P256_Indoor_P106_natural_1.png
P256_Indoor.png,P106_natural.png,P256_Indoor_P106_natural_2.png
P257_Indoor.png,P107_natural.png,P257_Indoor_P107_natural_0.png
P257_Indoor.png,P107_natural.png,P257_Indoor_P107_natural_1.png
P257_Indoor.png,P107_natural.png,P257_Indoor_P107_natural_2.png
P258_Indoor.png,P108_natural.png,P258_Indoor_P108_natural_0.png
P258_Indoor.png,P108_natural.png,P258_Indoor_P108_natural_1.png
P258_Indoor.png,P108_natural.png,P258_Indoor_P108_natural_2.png
P259_Indoor.png,P109_natural.png,P259_Indoor_P109_natural_0.png
P259_Indoor.png,P109_natural.png,P259_Indoor_P109_natural_1.png
P259_Indoor.png,P109_natural.png,P259_Indoor_P109_natural_2.png
P260_Indoor.png,P110_natural.png,P260_Indoor_P110_natural_0.png
P260_Indoor.png,P110_natural.png,P260_Indoor_P110_natural_1.png
P260_Indoor.png,P110_natural.png,P260_Indoor_P110_natural_2.png
P261_Indoor.png,P111_natural.png,P261_Indoor_P111_natural_0.png
P261_Indoor.png,P111_natural.png,P261_Indoor_P111_natural_1.png
P261_Indoor.png,P111_natural.png,P261_Indoor_P111_natural_2.png
P262_Indoor.png,P112_natural.png,P262_Indoor_P112_natural_0.png
P262_Indoor.png,P112_natural.png,P262_Indoor_P112_natural_1.png
P262_Indoor.png,P112_natural.png,P262_Indoor_P112_natural_2.png
P263_Indoor.png,P113_natural.png,P263_Indoor_P113_natural_0.png
P263_Indoor.png,P113_natural.png,P263_Indoor_P113_natural_1.png
P263_Indoor.png,P113_natural.png,P263_Indoor_P113_natural_2.png
P264_Indoor.png,P114_natural.png,P264_Indoor_P114_natural_0.png
P264_Indoor.png,P114_natural.png,P264_Indoor_P114_natural_1.png
P264_Indoor.png,P114_natural.png,P264_Indoor_P114_natural_2.png
P265_Indoor.png,P115_natural.png,P265_Indoor_P115_natural_0.png
P265_Indoor.png,P115_natural.png,P265_Indoor_P115_natural_1.png
P265_Indoor.png,P115_natural.png,P265_Indoor_P115_natural_2.png
P266_Indoor.png,P116_natural.png,P266_Indoor_P116_natural_0.png
P266_Indoor.png,P116_natural.png,P266_Indoor_P116_natural_1.png
P266_Indoor.png,P116_natural.png,P266_Indoor_P116_natural_2.png
P267_Indoor.png,P117_natural.png,P267_Indoor_P117_natural_0.png
P267_Indoor.png,P117_natural.png,P267_Indoor_P117_natural_1.png
P267_Indoor.png,P117_natural.png,P267_Indoor_P117_natural_2.png
P268_Indoor.png,P118_natural.png,P268_Indoor_P118_natural_0.png
P268_Indoor.png,P118_natural.png,P268_Indoor_P118_natural_1.png
P268_Indoor.png,P118_natural.png,P268_Indoor_P118_natural_2.png
P269_Indoor.png,P119_natural.png,P269_Indoor_P119_natural_0.png
P269_Indoor.png,P119_natural.png,P269_Indoor_P119_natural_1.png
P269_Indoor.png,P119_natural.png,P269_Indoor_P119_natural_2.png
P26_Hall.png,P26_graphic.png,P26_Hall_P26_graphic_0.png
P26_Hall.png,P26_graphic.png,P26_Hall_P26_graphic_1.png
P26_Hall.png,P26_graphic.png,P26_Hall_P26_graphic_2.png
P270_Indoor.png,P120_natural.png,P270_Indoor_P120_natural_0.png
P270_Indoor.png,P120_natural.png,P270_Indoor_P120_natural_1.png
P270_Indoor.png,P120_natural.png,P270_Indoor_P120_natural_2.png
P276_Natural.png,P126_natural.png,P276_Natural_P126_natural_0.png
P276_Natural.png,P126_natural.png,P276_Natural_P126_natural_1.png
P276_Natural.png,P126_natural.png,P276_Natural_P126_natural_2.png
P277_Natural.png,P127_natural.png,P277_Natural_P127_natural_0.png
P277_Natural.png,P127_natural.png,P277_Natural_P127_natural_1.png
P277_Natural.png,P127_natural.png,P277_Natural_P127_natural_2.png
P278_Natural.png,P128_natural.png,P278_Natural_P128_natural_0.png
P278_Natural.png,P128_natural.png,P278_Natural_P128_natural_1.png
P278_Natural.png,P128_natural.png,P278_Natural_P128_natural_2.png
P279_Natural.png,P129_natural.png,P279_Natural_P129_natural_0.png
P279_Natural.png,P129_natural.png,P279_Natural_P129_natural_1.png
P279_Natural.png,P129_natural.png,P279_Natural_P129_natural_2.png
P27_Hall.png,P27_graphic.png,P27_Hall_P27_graphic_0.png
P27_Hall.png,P27_graphic.png,P27_Hall_P27_graphic_1.png
P27_Hall.png,P27_graphic.png,P27_Hall_P27_graphic_2.png
P280_Natural.png,P130_natural.png,P280_Natural_P130_natural_0.png
P280_Natural.png,P130_natural.png,P280_Natural_P130_natural_1.png
P280_Natural.png,P130_natural.png,P280_Natural_P130_natural_2.png
P281_Natural.png,P131_natural.png,P281_Natural_P131_natural_0.png
P281_Natural.png,P131_natural.png,P281_Natural_P131_natural_1.png
P281_Natural.png,P131_natural.png,P281_Natural_P131_natural_2.png
P282_Natural.png,P132_natural.png,P282_Natural_P132_natural_0.png
P282_Natural.png,P132_natural.png,P282_Natural_P132_natural_1.png
P282_Natural.png,P132_natural.png,P282_Natural_P132_natural_2.png
P283_Natural.png,P133_natural.png,P283_Natural_P133_natural_0.png
P283_Natural.png,P133_natural.png,P283_Natural_P133_natural_1.png
P283_Natural.png,P133_natural.png,P283_Natural_P133_natural_2.png
P284_Natural.png,P134_natural.png,P284_Natural_P134_natural_0.png
P284_Natural.png,P134_natural.png,P284_Natural_P134_natural_1.png
P284_Natural.png,P134_natural.png,P284_Natural_P134_natural_2.png
P285_Natural.png,P135_natural.png,P285_Natural_P135_natural_0.png
P285_Natural.png,P135_natural.png,P285_Natural_P135_natural_1.png
P285_Natural.png,P135_natural.png,P285_Natural_P135_natural_2.png
P286_Natural.png,P136_natural.png,P286_Natural_P136_natural_0.png
P286_Natural.png,P136_natural.png,P286_Natural_P136_natural_1.png
P286_Natural.png,P136_natural.png,P286_Natural_P136_natural_2.png
P287_Natural.png,P137_natural.png,P287_Natural_P137_natural_0.png
P287_Natural.png,P137_natural.png,P287_Natural_P137_natural_1.png
P287_Natural.png,P137_natural.png,P287_Natural_P137_natural_2.png
P288_Natural.png,P138_natural.png,P288_Natural_P138_natural_0.png
P288_Natural.png,P138_natural.png,P288_Natural_P138_natural_1.png
P288_Natural.png,P138_natural.png,P288_Natural_P138_natural_2.png
P289_Natural.png,P139_natural.png,P289_Natural_P139_natural_0.png
P289_Natural.png,P139_natural.png,P289_Natural_P139_natural_1.png
P289_Natural.png,P139_natural.png,P289_Natural_P139_natural_2.png
P28_Hall.png,P28_graphic.png,P28_Hall_P28_graphic_0.png
P28_Hall.png,P28_graphic.png,P28_Hall_P28_graphic_1.png
P28_Hall.png,P28_graphic.png,P28_Hall_P28_graphic_2.png
P290_Natural.png,P140_natural.png,P290_Natural_P140_natural_0.png
P290_Natural.png,P140_natural.png,P290_Natural_P140_natural_1.png
P290_Natural.png,P140_natural.png,P290_Natural_P140_natural_2.png
P291_Natural.png,P141_natural.png,P291_Natural_P141_natural_0.png
P291_Natural.png,P141_natural.png,P291_Natural_P141_natural_1.png
P291_Natural.png,P141_natural.png,P291_Natural_P141_natural_2.png
P292_Natural.png,P142_natural.png,P292_Natural_P142_natural_0.png
P292_Natural.png,P142_natural.png,P292_Natural_P142_natural_1.png
P292_Natural.png,P142_natural.png,P292_Natural_P142_natural_2.png
P293_Natural.png,P143_natural.png,P293_Natural_P143_natural_0.png
P293_Natural.png,P143_natural.png,P293_Natural_P143_natural_1.png
P293_Natural.png,P143_natural.png,P293_Natural_P143_natural_2.png
P294_Natural.png,P144_natural.png,P294_Natural_P144_natural_0.png
P294_Natural.png,P144_natural.png,P294_Natural_P144_natural_1.png
P294_Natural.png,P144_natural.png,P294_Natural_P144_natural_2.png
P295_Natural.png,P145_natural.png,P295_Natural_P145_natural_0.png
P295_Natural.png,P145_natural.png,P295_Natural_P145_natural_1.png
P295_Natural.png,P145_natural.png,P295_Natural_P145_natural_2.png
P29_Hall.png,P29_graphic.png,P29_Hall_P29_graphic_0.png
P29_Hall.png,P29_graphic.png,P29_Hall_P29_graphic_1.png
P29_Hall.png,P29_graphic.png,P29_Hall_P29_graphic_2.png
P2_Cityscapes.png,P2_graphic.png,P2_Cityscapes_P2_graphic_0.png
P2_Cityscapes.png,P2_graphic.png,P2_Cityscapes_P2_graphic_1.png
P2_Cityscapes.png,P2_graphic.png,P2_Cityscapes_P2_graphic_2.png
P301_Cityscapes.png,P1_webpage.png,P301_Cityscapes_P1_webpage_0.png
P301_Cityscapes.png,P1_webpage.png,P301_Cityscapes_P1_webpage_1.png
P301_Cityscapes.png,P1_webpage.png,P301_Cityscapes_P1_webpage_2.png
P302_Cityscapes.png,P2_webpage.png,P302_Cityscapes_P2_webpage_0.png
P302_Cityscapes.png,P2_webpage.png,P302_Cityscapes_P2_webpage_1.png
P302_Cityscapes.png,P2_webpage.png,P302_Cityscapes_P2_webpage_2.png
P303_Cityscapes.png,P3_webpage.png,P303_Cityscapes_P3_webpage_0.png
P303_Cityscapes.png,P3_webpage.png,P303_Cityscapes_P3_webpage_1.png
P303_Cityscapes.png,P3_webpage.png,P303_Cityscapes_P3_webpage_2.png
P304_Cityscapes.png,P4_webpage.png,P304_Cityscapes_P4_webpage_0.png
P304_Cityscapes.png,P4_webpage.png,P304_Cityscapes_P4_webpage_1.png
P304_Cityscapes.png,P4_webpage.png,P304_Cityscapes_P4_webpage_2.png
P305_Cityscapes.png,P5_webpage.png,P305_Cityscapes_P5_webpage_0.png
P305_Cityscapes.png,P5_webpage.png,P305_Cityscapes_P5_webpage_1.png
P305_Cityscapes.png,P5_webpage.png,P305_Cityscapes_P5_webpage_2.png
P306_Cityscapes.png,P6_webpage.png,P306_Cityscapes_P6_webpage_0.png
P306_Cityscapes.png,P6_webpage.png,P306_Cityscapes_P6_webpage_1.png
P306_Cityscapes.png,P6_webpage.png,P306_Cityscapes_P6_webpage_2.png
P307_Cityscapes.png,P7_webpage.png,P307_Cityscapes_P7_webpage_0.png
P307_Cityscapes.png,P7_webpage.png,P307_Cityscapes_P7_webpage_1.png
P307_Cityscapes.png,P7_webpage.png,P307_Cityscapes_P7_webpage_2.png
P308_Cityscapes.png,P8_webpage.png,P308_Cityscapes_P8_webpage_0.png
P308_Cityscapes.png,P8_webpage.png,P308_Cityscapes_P8_webpage_1.png
P308_Cityscapes.png,P8_webpage.png,P308_Cityscapes_P8_webpage_2.png
P309_Cityscapes.png,P9_webpage.png,P309_Cityscapes_P9_webpage_0.png
P309_Cityscapes.png,P9_webpage.png,P309_Cityscapes_P9_webpage_1.png
P309_Cityscapes.png,P9_webpage.png,P309_Cityscapes_P9_webpage_2.png
P30_Hall.png,P30_graphic.png,P30_Hall_P30_graphic_0.png
P30_Hall.png,P30_graphic.png,P30_Hall_P30_graphic_1.png
P30_Hall.png,P30_graphic.png,P30_Hall_P30_graphic_2.png
P310_Cityscapes.png,P10_webpage.png,P310_Cityscapes_P10_webpage_0.png
P310_Cityscapes.png,P10_webpage.png,P310_Cityscapes_P10_webpage_1.png
P310_Cityscapes.png,P10_webpage.png,P310_Cityscapes_P10_webpage_2.png
P311_Cityscapes.png,P11_webpage.png,P311_Cityscapes_P11_webpage_0.png
P311_Cityscapes.png,P11_webpage.png,P311_Cityscapes_P11_webpage_1.png
P311_Cityscapes.png,P11_webpage.png,P311_Cityscapes_P11_webpage_2.png
P312_Cityscapes.png,P12_webpage.png,P312_Cityscapes_P12_webpage_0.png
P312_Cityscapes.png,P12_webpage.png,P312_Cityscapes_P12_webpage_1.png
P312_Cityscapes.png,P12_webpage.png,P312_Cityscapes_P12_webpage_2.png
P313_Cityscapes.png,P13_webpage.png,P313_Cityscapes_P13_webpage_0.png
P313_Cityscapes.png,P13_webpage.png,P313_Cityscapes_P13_webpage_1.png
P313_Cityscapes.png,P13_webpage.png,P313_Cityscapes_P13_webpage_2.png
P314_Cityscapes.png,P14_webpage.png,P314_Cityscapes_P14_webpage_0.png
P314_Cityscapes.png,P14_webpage.png,P314_Cityscapes_P14_webpage_1.png
P314_Cityscapes.png,P14_webpage.png,P314_Cityscapes_P14_webpage_2.png
P315_Cityscapes.png,P15_webpage.png,P315_Cityscapes_P15_webpage_0.png
P315_Cityscapes.png,P15_webpage.png,P315_Cityscapes_P15_webpage_1.png
P315_Cityscapes.png,P15_webpage.png,P315_Cityscapes_P15_webpage_2.png
P316_Cityscapes.png,P16_webpage.png,P316_Cityscapes_P16_webpage_0.png
P316_Cityscapes.png,P16_webpage.png,P316_Cityscapes_P16_webpage_1.png
P316_Cityscapes.png,P16_webpage.png,P316_Cityscapes_P16_webpage_2.png
P317_Cityscapes.png,P17_webpage.png,P317_Cityscapes_P17_webpage_0.png
P317_Cityscapes.png,P17_webpage.png,P317_Cityscapes_P17_webpage_1.png
P317_Cityscapes.png,P17_webpage.png,P317_Cityscapes_P17_webpage_2.png
P318_Cityscapes.png,P18_webpage.png,P318_Cityscapes_P18_webpage_0.png
P318_Cityscapes.png,P18_webpage.png,P318_Cityscapes_P18_webpage_1.png
P318_Cityscapes.png,P18_webpage.png,P318_Cityscapes_P18_webpage_2.png
P319_Cityscapes.png,P19_webpage.png,P319_Cityscapes_P19_webpage_0.png
P319_Cityscapes.png,P19_webpage.png,P319_Cityscapes_P19_webpage_1.png
P319_Cityscapes.png,P19_webpage.png,P319_Cityscapes_P19_webpage_2.png
P31_Hall.png,P31_graphic.png,P31_Hall_P31_graphic_0.png
P31_Hall.png,P31_graphic.png,P31_Hall_P31_graphic_1.png
P31_Hall.png,P31_graphic.png,P31_Hall_P31_graphic_2.png
P320_Cityscapes.png,P20_webpage.png,P320_Cityscapes_P20_webpage_0.png
P320_Cityscapes.png,P20_webpage.png,P320_Cityscapes_P20_webpage_1.png
P320_Cityscapes.png,P20_webpage.png,P320_Cityscapes_P20_webpage_2.png
P326_Hall.png,P26_webpage.png,P326_Hall_P26_webpage_0.png
P326_Hall.png,P26_webpage.png,P326_Hall_P26_webpage_1.png
P326_Hall.png,P26_webpage.png,P326_Hall_P26_webpage_2.png
P327_Hall.png,P27_webpage.png,P327_Hall_P27_webpage_0.png
P327_Hall.png,P27_webpage.png,P327_Hall_P27_webpage_1.png
P327_Hall.png,P27_webpage.png,P327_Hall_P27_webpage_2.png
P328_Hall.png,P28_webpage.png,P328_Hall_P28_webpage_0.png
P328_Hall.png,P28_webpage.png,P328_Hall_P28_webpage_1.png
P328_Hall.png,P28_webpage.png,P328_Hall_P28_webpage_2.png
P329_Hall.png,P29_webpage.png,P329_Hall_P29_webpage_0.png
P329_Hall.png,P29_webpage.png,P329_Hall_P29_webpage_1.png
P329_Hall.png,P29_webpage.png,P329_Hall_P29_webpage_2.png
P32_Hall.png,P32_graphic.png,P32_Hall_P32_graphic_0.png
P32_Hall.png,P32_graphic.png,P32_Hall_P32_graphic_1.png
P32_Hall.png,P32_graphic.png,P32_Hall_P32_graphic_2.png
P330_Hall.png,P30_webpage.png,P330_Hall_P30_webpage_0.png
P330_Hall.png,P30_webpage.png,P330_Hall_P30_webpage_1.png
P330_Hall.png,P30_webpage.png,P330_Hall_P30_webpage_2.png
P331_Hall.png,P31_webpage.png,P331_Hall_P31_webpage_0.png
P331_Hall.png,P31_webpage.png,P331_Hall_P31_webpage_1.png
P331_Hall.png,P31_webpage.png,P331_Hall_P31_webpage_2.png
P332_Hall.png,P32_webpage.png,P332_Hall_P32_webpage_0.png
P332_Hall.png,P32_webpage.png,P332_Hall_P32_webpage_1.png
P332_Hall.png,P32_webpage.png,P332_Hall_P32_webpage_2.png
P333_Hall.png,P33_webpage.png,P333_Hall_P33_webpage_0.png
P333_Hall.png,P33_webpage.png,P333_Hall_P33_webpage_1.png
P333_Hall.png,P33_webpage.png,P333_Hall_P33_webpage_2.png
P334_Hall.png,P34_webpage.png,P334_Hall_P34_webpage_0.png
P334_Hall.png,P34_webpage.png,P334_Hall_P34_webpage_1.png
P334_Hall.png,P34_webpage.png,P334_Hall_P34_webpage_2.png
P335_Hall.png,P35_webpage.png,P335_Hall_P35_webpage_0.png
P335_Hall.png,P35_webpage.png,P335_Hall_P35_webpage_1.png
P335_Hall.png,P35_webpage.png,P335_Hall_P35_webpage_2.png
P336_Hall.png,P36_webpage.png,P336_Hall_P36_webpage_0.png
P336_Hall.png,P36_webpage.png,P336_Hall_P36_webpage_1.png
P336_Hall.png,P36_webpage.png,P336_Hall_P36_webpage_2.png
P337_Hall.png,P37_webpage.png,P337_Hall_P37_webpage_0.png
P337_Hall.png,P37_webpage.png,P337_Hall_P37_webpage_1.png
P337_Hall.png,P37_webpage.png,P337_Hall_P37_webpage_2.png
P338_Hall.png,P38_webpage.png,P338_Hall_P38_webpage_0.png
P338_Hall.png,P38_webpage.png,P338_Hall_P38_webpage_1.png
P338_Hall.png,P38_webpage.png,P338_Hall_P38_webpage_2.png
P339_Hall.png,P39_webpage.png,P339_Hall_P39_webpage_0.png
P339_Hall.png,P39_webpage.png,P339_Hall_P39_webpage_1.png
P339_Hall.png,P39_webpage.png,P339_Hall_P39_webpage_2.png
P33_Hall.png,P33_graphic.png,P33_Hall_P33_graphic_0.png
P33_Hall.png,P33_graphic.png,P33_Hall_P33_graphic_1.png
P33_Hall.png,P33_graphic.png,P33_Hall_P33_graphic_2.png
P340_Hall.png,P40_webpage.png,P340_Hall_P40_webpage_0.png
P340_Hall.png,P40_webpage.png,P340_Hall_P40_webpage_1.png
P340_Hall.png,P40_webpage.png,P340_Hall_P40_webpage_2.png
P341_Hall.png,P41_webpage.png,P341_Hall_P41_webpage_0.png
P341_Hall.png,P41_webpage.png,P341_Hall_P41_webpage_1.png
P341_Hall.png,P41_webpage.png,P341_Hall_P41_webpage_2.png
P342_Hall.png,P42_webpage.png,P342_Hall_P42_webpage_0.png
P342_Hall.png,P42_webpage.png,P342_Hall_P42_webpage_1.png
P342_Hall.png,P42_webpage.png,P342_Hall_P42_webpage_2.png
P343_Hall.png,P43_webpage.png,P343_Hall_P43_webpage_0.png
P343_Hall.png,P43_webpage.png,P343_Hall_P43_webpage_1.png
P343_Hall.png,P43_webpage.png,P343_Hall_P43_webpage_2.png
P344_Hall.png,P44_webpage.png,P344_Hall_P44_webpage_0.png
P344_Hall.png,P44_webpage.png,P344_Hall_P44_webpage_1.png
P344_Hall.png,P44_webpage.png,P344_Hall_P44_webpage_2.png
P345_Hall.png,P45_webpage.png,P345_Hall_P45_webpage_0.png
P345_Hall.png,P45_webpage.png,P345_Hall_P45_webpage_1.png
P345_Hall.png,P45_webpage.png,P345_Hall_P45_webpage_2.png
P34_Hall.png,P34_graphic.png,P34_Hall_P34_graphic_0.png
P34_Hall.png,P34_graphic.png,P34_Hall_P34_graphic_1.png
P34_Hall.png,P34_graphic.png,P34_Hall_P34_graphic_2.png
P351_party.png,P51_webpage.png,P351_party_P51_webpage_0.png
P351_party.png,P51_webpage.png,P351_party_P51_webpage_1.png
P351_party.png,P51_webpage.png,P351_party_P51_webpage_2.png
P352_party.png,P52_webpage.png,P352_party_P52_webpage_0.png
P352_party.png,P52_webpage.png,P352_party_P52_webpage_1.png
P352_party.png,P52_webpage.png,P352_party_P52_webpage_2.png
P353_party.png,P53_webpage.png,P353_party_P53_webpage_0.png
P353_party.png,P53_webpage.png,P353_party_P53_webpage_1.png
P353_party.png,P53_webpage.png,P353_party_P53_webpage_2.png
P354_party.png,P54_webpage.png,P354_party_P54_webpage_0.png
P354_party.png,P54_webpage.png,P354_party_P54_webpage_1.png
P354_party.png,P54_webpage.png,P354_party_P54_webpage_2.png
P355_party.png,P55_webpage.png,P355_party_P55_webpage_0.png
P355_party.png,P55_webpage.png,P355_party_P55_webpage_1.png
P355_party.png,P55_webpage.png,P355_party_P55_webpage_2.png
P356_party.png,P56_webpage.png,P356_party_P56_webpage_0.png
P356_party.png,P56_webpage.png,P356_party_P56_webpage_1.png
P356_party.png,P56_webpage.png,P356_party_P56_webpage_2.png
P357_party.png,P57_webpage.png,P357_party_P57_webpage_0.png
P357_party.png,P57_webpage.png,P357_party_P57_webpage_1.png
P357_party.png,P57_webpage.png,P357_party_P57_webpage_2.png
P358_party.png,P58_webpage.png,P358_party_P58_webpage_0.png
P358_party.png,P58_webpage.png,P358_party_P58_webpage_1.png
P358_party.png,P58_webpage.png,P358_party_P58_webpage_2.png
P359_party.png,P59_webpage.png,P359_party_P59_webpage_0.png
P359_party.png,P59_webpage.png,P359_party_P59_webpage_1.png
P359_party.png,P59_webpage.png,P359_party_P59_webpage_2.png
P35_Hall.png,P35_graphic.png,P35_Hall_P35_graphic_0.png
P35_Hall.png,P35_graphic.png,P35_Hall_P35_graphic_1.png
P35_Hall.png,P35_graphic.png,P35_Hall_P35_graphic_2.png
P360_party.png,P60_webpage.png,P360_party_P60_webpage_0.png
P360_party.png,P60_webpage.png,P360_party_P60_webpage_1.png
P360_party.png,P60_webpage.png,P360_party_P60_webpage_2.png
P361_party.png,P61_webpage.png,P361_party_P61_webpage_0.png
P361_party.png,P61_webpage.png,P361_party_P61_webpage_1.png
P361_party.png,P61_webpage.png,P361_party_P61_webpage_2.png
P362_party.png,P62_webpage.png,P362_party_P62_webpage_0.png
P362_party.png,P62_webpage.png,P362_party_P62_webpage_1.png
P362_party.png,P62_webpage.png,P362_party_P62_webpage_2.png
P363_party.png,P63_webpage.png,P363_party_P63_webpage_0.png
P363_party.png,P63_webpage.png,P363_party_P63_webpage_1.png
P363_party.png,P63_webpage.png,P363_party_P63_webpage_2.png
P364_party.png,P64_webpage.png,P364_party_P64_webpage_0.png
P364_party.png,P64_webpage.png,P364_party_P64_webpage_1.png
P364_party.png,P64_webpage.png,P364_party_P64_webpage_2.png
P365_party.png,P65_webpage.png,P365_party_P65_webpage_0.png
P365_party.png,P65_webpage.png,P365_party_P65_webpage_1.png
P365_party.png,P65_webpage.png,P365_party_P65_webpage_2.png
P366_party.png,P66_webpage.png,P366_party_P66_webpage_0.png
P366_party.png,P66_webpage.png,P366_party_P66_webpage_1.png
P366_party.png,P66_webpage.png,P366_party_P66_webpage_2.png
P367_party.png,P67_webpage.png,P367_party_P67_webpage_0.png
P367_party.png,P67_webpage.png,P367_party_P67_webpage_1.png
P367_party.png,P67_webpage.png,P367_party_P67_webpage_2.png
P368_party.png,P68_webpage.png,P368_party_P68_webpage_0.png
P368_party.png,P68_webpage.png,P368_party_P68_webpage_1.png
P368_party.png,P68_webpage.png,P368_party_P68_webpage_2.png
P369_party.png,P69_webpage.png,P369_party_P69_webpage_0.png
P369_party.png,P69_webpage.png,P369_party_P69_webpage_1.png
P369_party.png,P69_webpage.png,P369_party_P69_webpage_2.png
P36_Hall.png,P36_graphic.png,P36_Hall_P36_graphic_0.png
P36_Hall.png,P36_graphic.png,P36_Hall_P36_graphic_1.png
P36_Hall.png,P36_graphic.png,P36_Hall_P36_graphic_2.png
P370_party.png,P70_webpage.png,P370_party_P70_webpage_0.png
P370_party.png,P70_webpage.png,P370_party_P70_webpage_1.png
P370_party.png,P70_webpage.png,P370_party_P70_webpage_2.png
P376_tour.png,P76_webpage.png,P376_tour_P76_webpage_0.png
P376_tour.png,P76_webpage.png,P376_tour_P76_webpage_1.png
P376_tour.png,P76_webpage.png,P376_tour_P76_webpage_2.png
P377_tour.png,P77_webpage.png,P377_tour_P77_webpage_0.png
P377_tour.png,P77_webpage.png,P377_tour_P77_webpage_1.png
P377_tour.png,P77_webpage.png,P377_tour_P77_webpage_2.png
P378_tour.png,P78_webpage.png,P378_tour_P78_webpage_0.png
P378_tour.png,P78_webpage.png,P378_tour_P78_webpage_1.png
P378_tour.png,P78_webpage.png,P378_tour_P78_webpage_2.png
P379_tour.png,P79_webpage.png,P379_tour_P79_webpage_0.png
P379_tour.png,P79_webpage.png,P379_tour_P79_webpage_1.png
P379_tour.png,P79_webpage.png,P379_tour_P79_webpage_2.png
P37_Hall.png,P37_graphic.png,P37_Hall_P37_graphic_0.png
P37_Hall.png,P37_graphic.png,P37_Hall_P37_graphic_1.png
P37_Hall.png,P37_graphic.png,P37_Hall_P37_graphic_2.png
P380_tour.png,P80_webpage.png,P380_tour_P80_webpage_0.png
P380_tour.png,P80_webpage.png,P380_tour_P80_webpage_1.png
P380_tour.png,P80_webpage.png,P380_tour_P80_webpage_2.png
P381_tour.png,P81_webpage.png,P381_tour_P81_webpage_0.png
P381_tour.png,P81_webpage.png,P381_tour_P81_webpage_1.png
P381_tour.png,P81_webpage.png,P381_tour_P81_webpage_2.png
P382_tour.png,P82_webpage.png,P382_tour_P82_webpage_0.png
P382_tour.png,P82_webpage.png,P382_tour_P82_webpage_1.png
P382_tour.png,P82_webpage.png,P382_tour_P82_webpage_2.png
P383_tour.png,P83_webpage.png,P383_tour_P83_webpage_0.png
P383_tour.png,P83_webpage.png,P383_tour_P83_webpage_1.png
P383_tour.png,P83_webpage.png,P383_tour_P83_webpage_2.png
P384_tour.png,P84_webpage.png,P384_tour_P84_webpage_0.png
P384_tour.png,P84_webpage.png,P384_tour_P84_webpage_1.png
P384_tour.png,P84_webpage.png,P384_tour_P84_webpage_2.png
P385_tour.png,P85_webpage.png,P385_tour_P85_webpage_0.png
P385_tour.png,P85_webpage.png,P385_tour_P85_webpage_1.png
P385_tour.png,P85_webpage.png,P385_tour_P85_webpage_2.png
P386_tour.png,P86_webpage.png,P386_tour_P86_webpage_0.png
P386_tour.png,P86_webpage.png,P386_tour_P86_webpage_1.png
P386_tour.png,P86_webpage.png,P386_tour_P86_webpage_2.png
P387_tour.png,P87_webpage.png,P387_tour_P87_webpage_0.png
P387_tour.png,P87_webpage.png,P387_tour_P87_webpage_1.png
P387_tour.png,P87_webpage.png,P387_tour_P87_webpage_2.png
P388_tour.png,P88_webpage.png,P388_tour_P88_webpage_0.png
P388_tour.png,P88_webpage.png,P388_tour_P88_webpage_1.png
P388_tour.png,P88_webpage.png,P388_tour_P88_webpage_2.png
P389_tour.png,P89_webpage.png,P389_tour_P89_webpage_0.png
P389_tour.png,P89_webpage.png,P389_tour_P89_webpage_1.png
P389_tour.png,P89_webpage.png,P389_tour_P89_webpage_2.png
P38_Hall.png,P38_graphic.png,P38_Hall_P38_graphic_0.png
P38_Hall.png,P38_graphic.png,P38_Hall_P38_graphic_1.png
P38_Hall.png,P38_graphic.png,P38_Hall_P38_graphic_2.png
P390_tour.png,P90_webpage.png,P390_tour_P90_webpage_0.png
P390_tour.png,P90_webpage.png,P390_tour_P90_webpage_1.png
P390_tour.png,P90_webpage.png,P390_tour_P90_webpage_2.png
P391_tour.png,P91_webpage.png,P391_tour_P91_webpage_0.png
P391_tour.png,P91_webpage.png,P391_tour_P91_webpage_1.png
P391_tour.png,P91_webpage.png,P391_tour_P91_webpage_2.png
P392_tour.png,P92_webpage.png,P392_tour_P92_webpage_0.png
P392_tour.png,P92_webpage.png,P392_tour_P92_webpage_1.png
P392_tour.png,P92_webpage.png,P392_tour_P92_webpage_2.png
P393_tour.png,P93_webpage.png,P393_tour_P93_webpage_0.png
P393_tour.png,P93_webpage.png,P393_tour_P93_webpage_1.png
P393_tour.png,P93_webpage.png,P393_tour_P93_webpage_2.png
P394_tour.png,P94_webpage.png,P394_tour_P94_webpage_0.png
P394_tour.png,P94_webpage.png,P394_tour_P94_webpage_1.png
P394_tour.png,P94_webpage.png,P394_tour_P94_webpage_2.png
P395_tour.png,P95_webpage.png,P395_tour_P95_webpage_0.png
P395_tour.png,P95_webpage.png,P395_tour_P95_webpage_1.png
P395_tour.png,P95_webpage.png,P395_tour_P95_webpage_2.png
P39_Hall.png,P39_graphic.png,P39_Hall_P39_graphic_0.png
P39_Hall.png,P39_graphic.png,P39_Hall_P39_graphic_1.png
P39_Hall.png,P39_graphic.png,P39_Hall_P39_graphic_2.png
P3_Cityscapes.png,P3_graphic.png,P3_Cityscapes_P3_graphic_0.png
P3_Cityscapes.png,P3_graphic.png,P3_Cityscapes_P3_graphic_1.png
P3_Cityscapes.png,P3_graphic.png,P3_Cityscapes_P3_graphic_2.png
P401_Indoor.png,P101_webpage.png,P401_Indoor_P101_webpage_0.png
P401_Indoor.png,P101_webpage.png,P401_Indoor_P101_webpage_1.png
P401_Indoor.png,P101_webpage.png,P401_Indoor_P101_webpage_2.png
P402_Indoor.png,P102_webpage.png,P402_Indoor_P102_webpage_0.png
P402_Indoor.png,P102_webpage.png,P402_Indoor_P102_webpage_1.png
P402_Indoor.png,P102_webpage.png,P402_Indoor_P102_webpage_2.png
P403_Indoor.png,P103_webpage.png,P403_Indoor_P103_webpage_0.png
P403_Indoor.png,P103_webpage.png,P403_Indoor_P103_webpage_1.png
P403_Indoor.png,P103_webpage.png,P403_Indoor_P103_webpage_2.png
P404_Indoor.png,P104_webpage.png,P404_Indoor_P104_webpage_0.png
P404_Indoor.png,P104_webpage.png,P404_Indoor_P104_webpage_1.png
P404_Indoor.png,P104_webpage.png,P404_Indoor_P104_webpage_2.png
P405_Indoor.png,P105_webpage.png,P405_Indoor_P105_webpage_0.png
P405_Indoor.png,P105_webpage.png,P405_Indoor_P105_webpage_1.png
P405_Indoor.png,P105_webpage.png,P405_Indoor_P105_webpage_2.png
P406_Indoor.png,P106_webpage.png,P406_Indoor_P106_webpage_0.png
P406_Indoor.png,P106_webpage.png,P406_Indoor_P106_webpage_1.png
P406_Indoor.png,P106_webpage.png,P406_Indoor_P106_webpage_2.png
P407_Indoor.png,P107_webpage.png,P407_Indoor_P107_webpage_0.png
P407_Indoor.png,P107_webpage.png,P407_Indoor_P107_webpage_1.png
P407_Indoor.png,P107_webpage.png,P407_Indoor_P107_webpage_2.png
P408_Indoor.png,P108_webpage.png,P408_Indoor_P108_webpage_0.png
P408_Indoor.png,P108_webpage.png,P408_Indoor_P108_webpage_1.png
P408_Indoor.png,P108_webpage.png,P408_Indoor_P108_webpage_2.png
P409_Indoor.png,P109_webpage.png,P409_Indoor_P109_webpage_0.png
P409_Indoor.png,P109_webpage.png,P409_Indoor_P109_webpage_1.png
P409_Indoor.png,P109_webpage.png,P409_Indoor_P109_webpage_2.png
P40_Hall.png,P40_graphic.png,P40_Hall_P40_graphic_0.png
P40_Hall.png,P40_graphic.png,P40_Hall_P40_graphic_1.png
P40_Hall.png,P40_graphic.png,P40_Hall_P40_graphic_2.png
P410_Indoor.png,P110_webpage.png,P410_Indoor_P110_webpage_0.png
P410_Indoor.png,P110_webpage.png,P410_Indoor_P110_webpage_1.png
P410_Indoor.png,P110_webpage.png,P410_Indoor_P110_webpage_2.png
P411_Indoor.png,P111_webpage.png,P411_Indoor_P111_webpage_0.png
P411_Indoor.png,P111_webpage.png,P411_Indoor_P111_webpage_1.png
P411_Indoor.png,P111_webpage.png,P411_Indoor_P111_webpage_2.png
P412_Indoor.png,P112_webpage.png,P412_Indoor_P112_webpage_0.png
P412_Indoor.png,P112_webpage.png,P412_Indoor_P112_webpage_1.png
P412_Indoor.png,P112_webpage.png,P412_Indoor_P112_webpage_2.png
P413_Indoor.png,P113_webpage.png,P413_Indoor_P113_webpage_0.png
P413_Indoor.png,P113_webpage.png,P413_Indoor_P113_webpage_1.png
P413_Indoor.png,P113_webpage.png,P413_Indoor_P113_webpage_2.png
P414_Indoor.png,P114_webpage.png,P414_Indoor_P114_webpage_0.png
P414_Indoor.png,P114_webpage.png,P414_Indoor_P114_webpage_1.png
P414_Indoor.png,P114_webpage.png,P414_Indoor_P114_webpage_2.png
P415_Indoor.png,P115_webpage.png,P415_Indoor_P115_webpage_0.png
P415_Indoor.png,P115_webpage.png,P415_Indoor_P115_webpage_1.png
P415_Indoor.png,P115_webpage.png,P415_Indoor_P115_webpage_2.png
P416_Indoor.png,P116_webpage.png,P416_Indoor_P116_webpage_0.png
P416_Indoor.png,P116_webpage.png,P416_Indoor_P116_webpage_1.png
P416_Indoor.png,P116_webpage.png,P416_Indoor_P116_webpage_2.png
P417_Indoor.png,P117_webpage.png,P417_Indoor_P117_webpage_0.png
P417_Indoor.png,P117_webpage.png,P417_Indoor_P117_webpage_1.png
P417_Indoor.png,P117_webpage.png,P417_Indoor_P117_webpage_2.png
P418_Indoor.png,P118_webpage.png,P418_Indoor_P118_webpage_0.png
P418_Indoor.png,P118_webpage.png,P418_Indoor_P118_webpage_1.png
P418_Indoor.png,P118_webpage.png,P418_Indoor_P118_webpage_2.png
P419_Indoor.png,P119_webpage.png,P419_Indoor_P119_webpage_0.png
P419_Indoor.png,P119_webpage.png,P419_Indoor_P119_webpage_1.png
P419_Indoor.png,P119_webpage.png,P419_Indoor_P119_webpage_2.png
P41_Hall.png,P41_graphic.png,P41_Hall_P41_graphic_0.png
P41_Hall.png,P41_graphic.png,P41_Hall_P41_graphic_1.png
P41_Hall.png,P41_graphic.png,P41_Hall_P41_graphic_2.png
P420_Indoor.png,P120_webpage.png,P420_Indoor_P120_webpage_0.png
P420_Indoor.png,P120_webpage.png,P420_Indoor_P120_webpage_1.png
P420_Indoor.png,P120_webpage.png,P420_Indoor_P120_webpage_2.png
P426_Natural.png,P126_webpage.png,P426_Natural_P126_webpage_0.png
P426_Natural.png,P126_webpage.png,P426_Natural_P126_webpage_1.png
P426_Natural.png,P126_webpage.png,P426_Natural_P126_webpage_2.png
P427_Natural.png,P127_webpage.png,P427_Natural_P127_webpage_0.png
P427_Natural.png,P127_webpage.png,P427_Natural_P127_webpage_1.png
P427_Natural.png,P127_webpage.png,P427_Natural_P127_webpage_2.png
P428_Natural.png,P128_webpage.png,P428_Natural_P128_webpage_0.png
P428_Natural.png,P128_webpage.png,P428_Natural_P128_webpage_1.png
P428_Natural.png,P128_webpage.png,P428_Natural_P128_webpage_2.png
P429_Natural.png,P129_webpage.png,P429_Natural_P129_webpage_0.png
P429_Natural.png,P129_webpage.png,P429_Natural_P129_webpage_1.png
P429_Natural.png,P129_webpage.png,P429_Natural_P129_webpage_2.png
P42_Hall.png,P42_graphic.png,P42_Hall_P42_graphic_0.png
P42_Hall.png,P42_graphic.png,P42_Hall_P42_graphic_1.png
P42_Hall.png,P42_graphic.png,P42_Hall_P42_graphic_2.png
P430_Natural.png,P130_webpage.png,P430_Natural_P130_webpage_0.png
P430_Natural.png,P130_webpage.png,P430_Natural_P130_webpage_1.png
P430_Natural.png,P130_webpage.png,P430_Natural_P130_webpage_2.png
P431_Natural.png,P131_webpage.png,P431_Natural_P131_webpage_0.png
P431_Natural.png,P131_webpage.png,P431_Natural_P131_webpage_1.png
P431_Natural.png,P131_webpage.png,P431_Natural_P131_webpage_2.png
P432_Natural.png,P132_webpage.png,P432_Natural_P132_webpage_0.png
P432_Natural.png,P132_webpage.png,P432_Natural_P132_webpage_1.png
P432_Natural.png,P132_webpage.png,P432_Natural_P132_webpage_2.png
P433_Natural.png,P133_webpage.png,P433_Natural_P133_webpage_0.png
P433_Natural.png,P133_webpage.png,P433_Natural_P133_webpage_1.png
P433_Natural.png,P133_webpage.png,P433_Natural_P133_webpage_2.png
P434_Natural.png,P134_webpage.png,P434_Natural_P134_webpage_0.png
P434_Natural.png,P134_webpage.png,P434_Natural_P134_webpage_1.png
P434_Natural.png,P134_webpage.png,P434_Natural_P134_webpage_2.png
P435_Natural.png,P135_webpage.png,P435_Natural_P135_webpage_0.png
P435_Natural.png,P135_webpage.png,P435_Natural_P135_webpage_1.png
P435_Natural.png,P135_webpage.png,P435_Natural_P135_webpage_2.png
P436_Natural.png,P136_webpage.png,P436_Natural_P136_webpage_0.png
P436_Natural.png,P136_webpage.png,P436_Natural_P136_webpage_1.png
P436_Natural.png,P136_webpage.png,P436_Natural_P136_webpage_2.png
P437_Natural.png,P137_webpage.png,P437_Natural_P137_webpage_0.png
P437_Natural.png,P137_webpage.png,P437_Natural_P137_webpage_1.png
P437_Natural.png,P137_webpage.png,P437_Natural_P137_webpage_2.png
P438_Natural.png,P138_webpage.png,P438_Natural_P138_webpage_0.png
P438_Natural.png,P138_webpage.png,P438_Natural_P138_webpage_1.png
P438_Natural.png,P138_webpage.png,P438_Natural_P138_webpage_2.png
P439_Natural.png,P139_webpage.png,P439_Natural_P139_webpage_0.png
P439_Natural.png,P139_webpage.png,P439_Natural_P139_webpage_1.png
P439_Natural.png,P139_webpage.png,P439_Natural_P139_webpage_2.png
P43_Hall.png,P43_graphic.png,P43_Hall_P43_graphic_0.png
P43_Hall.png,P43_graphic.png,P43_Hall_P43_graphic_1.png
P43_Hall.png,P43_graphic.png,P43_Hall_P43_graphic_2.png
P440_Natural.png,P140_webpage.png,P440_Natural_P140_webpage_0.png
P440_Natural.png,P140_webpage.png,P440_Natural_P140_webpage_1.png
P440_Natural.png,P140_webpage.png,P440_Natural_P140_webpage_2.png
P441_Natural.png,P141_webpage.png,P441_Natural_P141_webpage_0.png
P441_Natural.png,P141_webpage.png,P441_Natural_P141_webpage_1.png
P441_Natural.png,P141_webpage.png,P441_Natural_P141_webpage_2.png
P442_Natural.png,P142_webpage.png,P442_Natural_P142_webpage_0.png
P442_Natural.png,P142_webpage.png,P442_Natural_P142_webpage_1.png
P442_Natural.png,P142_webpage.png,P442_Natural_P142_webpage_2.png
P443_Natural.png,P143_webpage.png,P443_Natural_P143_webpage_0.png
P443_Natural.png,P143_webpage.png,P443_Natural_P143_webpage_1.png
P443_Natural.png,P143_webpage.png,P443_Natural_P143_webpage_2.png
P444_Natural.png,P144_webpage.png,P444_Natural_P144_webpage_0.png
P444_Natural.png,P144_webpage.png,P444_Natural_P144_webpage_1.png
P444_Natural.png,P144_webpage.png,P444_Natural_P144_webpage_2.png
P445_Natural.png,P145_webpage.png,P445_Natural_P145_webpage_0.png
P445_Natural.png,P145_webpage.png,P445_Natural_P145_webpage_1.png
P445_Natural.png,P145_webpage.png,P445_Natural_P145_webpage_2.png
P44_Hall.png,P44_graphic.png,P44_Hall_P44_graphic_0.png
P44_Hall.png,P44_graphic.png,P44_Hall_P44_graphic_1.png
P44_Hall.png,P44_graphic.png,P44_Hall_P44_graphic_2.png
P45_Hall.png,P45_graphic.png,P45_Hall_P45_graphic_0.png
P45_Hall.png,P45_graphic.png,P45_Hall_P45_graphic_1.png
P45_Hall.png,P45_graphic.png,P45_Hall_P45_graphic_2.png
P4_Cityscapes.png,P4_graphic.png,P4_Cityscapes_P4_graphic_0.png
P4_Cityscapes.png,P4_graphic.png,P4_Cityscapes_P4_graphic_1.png
P4_Cityscapes.png,P4_graphic.png,P4_Cityscapes_P4_graphic_2.png
P51_party.png,P51_graphic.png,P51_party_P51_graphic_0.png
P51_party.png,P51_graphic.png,P51_party_P51_graphic_1.png
P51_party.png,P51_graphic.png,P51_party_P51_graphic_2.png
P52_party.png,P52_graphic.png,P52_party_P52_graphic_0.png
P52_party.png,P52_graphic.png,P52_party_P52_graphic_1.png
P52_party.png,P52_graphic.png,P52_party_P52_graphic_2.png
P53_party.png,P53_graphic.png,P53_party_P53_graphic_0.png
P53_party.png,P53_graphic.png,P53_party_P53_graphic_1.png
P53_party.png,P53_graphic.png,P53_party_P53_graphic_2.png
P54_party.png,P54_graphic.png,P54_party_P54_graphic_0.png
P54_party.png,P54_graphic.png,P54_party_P54_graphic_1.png
P54_party.png,P54_graphic.png,P54_party_P54_graphic_2.png
P55_party.png,P55_graphic.png,P55_party_P55_graphic_0.png
P55_party.png,P55_graphic.png,P55_party_P55_graphic_1.png
P55_party.png,P55_graphic.png,P55_party_P55_graphic_2.png
P56_party.png,P56_graphic.png,P56_party_P56_graphic_0.png
P56_party.png,P56_graphic.png,P56_party_P56_graphic_1.png
P56_party.png,P56_graphic.png,P56_party_P56_graphic_2.png
P57_party.png,P57_graphic.png,P57_party_P57_graphic_0.png
P57_party.png,P57_graphic.png,P57_party_P57_graphic_1.png
P57_party.png,P57_graphic.png,P57_party_P57_graphic_2.png
P58_party.png,P58_graphic.png,P58_party_P58_graphic_0.png
P58_party.png,P58_graphic.png,P58_party_P58_graphic_1.png
P58_party.png,P58_graphic.png,P58_party_P58_graphic_2.png
P59_party.png,P59_graphic.png,P59_party_P59_graphic_0.png
P59_party.png,P59_graphic.png,P59_party_P59_graphic_1.png
P59_party.png,P59_graphic.png,P59_party_P59_graphic_2.png
P5_Cityscapes.png,P5_graphic.png,P5_Cityscapes_P5_graphic_0.png
P5_Cityscapes.png,P5_graphic.png,P5_Cityscapes_P5_graphic_1.png
P5_Cityscapes.png,P5_graphic.png,P5_Cityscapes_P5_graphic_2.png
P60_party.png,P60_graphic.png,P60_party_P60_graphic_0.png
P60_party.png,P60_graphic.png,P60_party_P60_graphic_1.png
P60_party.png,P60_graphic.png,P60_party_P60_graphic_2.png
P61_party.png,P61_graphic.png,P61_party_P61_graphic_0.png
P61_party.png,P61_graphic.png,P61_party_P61_graphic_1.png
P61_party.png,P61_graphic.png,P61_party_P61_graphic_2.png
P62_party.png,P62_graphic.png,P62_party_P62_graphic_0.png
P62_party.png,P62_graphic.png,P62_party_P62_graphic_1.png
P62_party.png,P62_graphic.png,P62_party_P62_graphic_2.png
P63_party.png,P63_graphic.png,P63_party_P63_graphic_0.png
P63_party.png,P63_graphic.png,P63_party_P63_graphic_1.png
P63_party.png,P63_graphic.png,P63_party_P63_graphic_2.png
P64_party.png,P64_graphic.png,P64_party_P64_graphic_0.png
P64_party.png,P64_graphic.png,P64_party_P64_graphic_1.png
P64_party.png,P64_graphic.png,P64_party_P64_graphic_2.png
P65_party.png,P65_graphic.png,P65_party_P65_graphic_0.png
P65_party.png,P65_graphic.png,P65_party_P65_graphic_1.png
P65_party.png,P65_graphic.png,P65_party_P65_graphic_2.png
P66_party.png,P66_graphic.png,P66_party_P66_graphic_0.png
P66_party.png,P66_graphic.png,P66_party_P66_graphic_1.png
P66_party.png,P66_graphic.png,P66_party_P66_graphic_2.png
P67_party.png,P67_graphic.png,P67_party_P67_graphic_0.png
P67_party.png,P67_graphic.png,P67_party_P67_graphic_1.png
P67_party.png,P67_graphic.png,P67_party_P67_graphic_2.png
P68_party.png,P68_graphic.png,P68_party_P68_graphic_0.png
P68_party.png,P68_graphic.png,P68_party_P68_graphic_1.png
P68_party.png,P68_graphic.png,P68_party_P68_graphic_2.png
P69_party.png,P69_graphic.png,P69_party_P69_graphic_0.png
P69_party.png,P69_graphic.png,P69_party_P69_graphic_1.png
P69_party.png,P69_graphic.png,P69_party_P69_graphic_2.png
P6_Cityscapes.png,P6_graphic.png,P6_Cityscapes_P6_graphic_0.png
P6_Cityscapes.png,P6_graphic.png,P6_Cityscapes_P6_graphic_1.png
P6_Cityscapes.png,P6_graphic.png,P6_Cityscapes_P6_graphic_2.png
P70_party.png,P70_graphic.png,P70_party_P70_graphic_0.png
P70_party.png,P70_graphic.png,P70_party_P70_graphic_1.png
P70_party.png,P70_graphic.png,P70_party_P70_graphic_2.png
P76_tour.png,P76_graphic.png,P76_tour_P76_graphic_0.png
P76_tour.png,P76_graphic.png,P76_tour_P76_graphic_1.png
P76_tour.png,P76_graphic.png,P76_tour_P76_graphic_2.png
P77_tour.png,P77_graphic.png,P77_tour_P77_graphic_0.png
P77_tour.png,P77_graphic.png,P77_tour_P77_graphic_1.png
P77_tour.png,P77_graphic.png,P77_tour_P77_graphic_2.png
P78_tour.png,P78_graphic.png,P78_tour_P78_graphic_0.png
P78_tour.png,P78_graphic.png,P78_tour_P78_graphic_1.png
P78_tour.png,P78_graphic.png,P78_tour_P78_graphic_2.png
P79_tour.png,P79_graphic.png,P79_tour_P79_graphic_0.png
P79_tour.png,P79_graphic.png,P79_tour_P79_graphic_1.png
P79_tour.png,P79_graphic.png,P79_tour_P79_graphic_2.png
P7_Cityscapes.png,P7_graphic.png,P7_Cityscapes_P7_graphic_0.png
P7_Cityscapes.png,P7_graphic.png,P7_Cityscapes_P7_graphic_1.png
P7_Cityscapes.png,P7_graphic.png,P7_Cityscapes_P7_graphic_2.png
P80_tour.png,P80_graphic.png,P80_tour_P80_graphic_0.png
P80_tour.png,P80_graphic.png,P80_tour_P80_graphic_1.png
P80_tour.png,P80_graphic.png,P80_tour_P80_graphic_2.png
P81_tour.png,P81_graphic.png,P81_tour_P81_graphic_0.png
P81_tour.png,P81_graphic.png,P81_tour_P81_graphic_1.png
P81_tour.png,P81_graphic.png,P81_tour_P81_graphic_2.png
P82_tour.png,P82_graphic.png,P82_tour_P82_graphic_0.png
P82_tour.png,P82_graphic.png,P82_tour_P82_graphic_1.png
P82_tour.png,P82_graphic.png,P82_tour_P82_graphic_2.png
P83_tour.png,P83_graphic.png,P83_tour_P83_graphic_0.png
P83_tour.png,P83_graphic.png,P83_tour_P83_graphic_1.png
P83_tour.png,P83_graphic.png,P83_tour_P83_graphic_2.png
P84_tour.png,P84_graphic.png,P84_tour_P84_graphic_0.png
P84_tour.png,P84_graphic.png,P84_tour_P84_graphic_1.png
P84_tour.png,P84_graphic.png,P84_tour_P84_graphic_2.png
P85_tour.png,P85_graphic.png,P85_tour_P85_graphic_0.png
P85_tour.png,P85_graphic.png,P85_tour_P85_graphic_1.png
P85_tour.png,P85_graphic.png,P85_tour_P85_graphic_2.png
P86_tour.png,P86_graphic.png,P86_tour_P86_graphic_0.png
P86_tour.png,P86_graphic.png,P86_tour_P86_graphic_1.png
P86_tour.png,P86_graphic.png,P86_tour_P86_graphic_2.png
P87_tour.png,P87_graphic.png,P87_tour_P87_graphic_0.png
P87_tour.png,P87_graphic.png,P87_tour_P87_graphic_1.png
P87_tour.png,P87_graphic.png,P87_tour_P87_graphic_2.png
P88_tour.png,P88_graphic.png,P88_tour_P88_graphic_0.png
P88_tour.png,P88_graphic.png,P88_tour_P88_graphic_1.png
P88_tour.png,P88_graphic.png,P88_tour_P88_graphic_2.png
P89_tour.png,P89_graphic.png,P89_tour_P89_graphic_0.png
P89_tour.png,P89_graphic.png,P89_tour_P89_graphic_1.png
P89_tour.png,P89_graphic.png,P89_tour_P89_graphic_2.png
P8_Cityscapes.png,P8_graphic.png,P8_Cityscapes_P8_graphic_0.png
P8_Cityscapes.png,P8_graphic.png,P8_Cityscapes_P8_graphic_1.png
P8_Cityscapes.png,P8_graphic.png,P8_Cityscapes_P8_graphic_2.png
P90_tour.png,P90_graphic.png,P90_tour_P90_graphic_0.png
P90_tour.png,P90_graphic.png,P90_tour_P90_graphic_1.png
P90_tour.png,P90_graphic.png,P90_tour_P90_graphic_2.png
P91_tour.png,P91_graphic.png,P91_tour_P91_graphic_0.png
P91_tour.png,P91_graphic.png,P91_tour_P91_graphic_1.png
P91_tour.png,P91_graphic.png,P91_tour_P91_graphic_2.png
P92_tour.png,P92_graphic.png,P92_tour_P92_graphic_0.png
P92_tour.png,P92_graphic.png,P92_tour_P92_graphic_1.png
P92_tour.png,P92_graphic.png,P92_tour_P92_graphic_2.png
P93_tour.png,P93_graphic.png,P93_tour_P93_graphic_0.png
P93_tour.png,P93_graphic.png,P93_tour_P93_graphic_1.png
P93_tour.png,P93_graphic.png,P93_tour_P93_graphic_2.png
P94_tour.png,P94_graphic.png,P94_tour_P94_graphic_0.png
P94_tour.png,P94_graphic.png,P94_tour_P94_graphic_1.png
P94_tour.png,P94_graphic.png,P94_tour_P94_graphic_2.png
P95_tour.png,P95_graphic.png,P95_tour_P95_graphic_0.png
P95_tour.png,P95_graphic.png,P95_tour_P95_graphic_1.png
P95_tour.png,P95_graphic.png,P95_tour_P95_graphic_2.png
P9_Cityscapes.png,P9_graphic.png,P9_Cityscapes_P9_graphic_0.png
P9_Cityscapes.png,P9_graphic.png,P9_Cityscapes_P9_graphic_1.png
P9_Cityscapes.png,P9_graphic.png,P9_Cityscapes_P9_graphic_2.png
